{"cameraMode":{"drawMode":0,"name":"Shaded","section":"Shading Mode"},"sceneLighting":true,"audioPlay":false,"sceneViewState":{"m_AlwaysRefresh":false,"showFog":true,"showSkybox":true,"showFlares":true,"showImageEffects":true,"showParticleSystems":true,"showVisualEffectGraphs":true,"m_FxEnabled":true},"in2DMode":false,"pivot":{"x":-12.308337211608887,"y":20.32927703857422,"z":-29.708480834960939},"rotation":{"x":0.23630885779857636,"y":-0.04371360316872597,"z":0.010641392320394516,"w":0.9706430435180664},"size":4.786895751953125,"orthographic":false}